REGIAO;ESTADO;DESTINATARIO;MEDICAMENTO;APRESENTACAO;QUANTIDADE;STATUS;DATA DE ENTREGA
SUDESTE;SAO PAULO;SES;DEXTROCETAMINA, CLORIDRATO 50 MG/ML ;AMPOLA 10 mL;350,0;Entrega realizada ;29/06/2020
CENTRO-OESTE;MATO GROSSO;SES;DEXTROCETAMINA, CLORIDRATO 50 MG/ML ;AMPOLA 10 mL;800,0;Entrega realizada ;29/06/2020
NORTE;AMAPA;SES;DEXTROCETAMINA, CLORIDRATO 50 MG/ML ;AMPOLA 10 mL;2200,0;Entrega realizada ;29/06/2020
NORDESTE;CEARA;SES;DEXTROCETAMINA, CLORIDRATO 50 MG/ML ;AMPOLA 10 mL;16000,0;Entrega realizada ;29/06/2020
NORDESTE;RIO GRANDE DO NORTE;SES;DEXTROCETAMINA, CLORIDRATO 50 MG/ML ;AMPOLA 10 mL;450,0;Entrega realizada ;29/06/2020
NORDESTE;BAHIA;SES;DEXTROCETAMINA, CLORIDRATO 50 MG/ML ;AMPOLA 10 mL;4450,0;Entrega realizada ;29/06/2020
NORDESTE;CEARA;SES;DEXTROCETAMINA, CLORIDRATO 50 MG/ML ;AMPOLA 2 mL;49300,0;Entrega realizada ;29/06/2020
NORDESTE;RIO GRANDE DO NORTE;SES;DEXTROCETAMINA, CLORIDRATO 50 MG/ML ;AMPOLA 2 mL;700,0;Entrega realizada ;29/06/2020
SUDESTE;SAO PAULO;SES;DEXMEDETOMIDINA, CLORIDRATO 100 MCG/ML ;AMPOLA 2 mL;2750,0;Entrega realizada ;29/06/2020
CENTRO-OESTE;GOIAS;SES;DEXMEDETOMIDINA, CLORIDRATO 100 MCG/ML ;AMPOLA 2 mL;1440,0;Entrega realizada ;29/06/2020
NORTE;AMAZONAS;SES;DEXMEDETOMIDINA, CLORIDRATO 100 MCG/ML ;AMPOLA 2 mL;160,0;Entrega realizada ;29/06/2020
NORTE;PARA;SES;DEXMEDETOMIDINA, CLORIDRATO 100 MCG/ML ;AMPOLA 2 mL;2010,0;Entrega realizada ;29/06/2020
NORDESTE;RIO GRANDE DO NORTE;SES;DEXMEDETOMIDINA, CLORIDRATO 100 MCG/ML ;AMPOLA 2 mL;2050,0;Entrega realizada ;29/06/2020
NORDESTE;PERNAMBUCO;SES;DEXMEDETOMIDINA, CLORIDRATO 100 MCG/ML ;AMPOLA 2 mL;1590,0;Entrega realizada ;29/06/2020
SUDESTE;SAO PAULO;SES;MIDAZOLAM 5 MG/ML, SOLUCAO INJETAVEL;AMPOLA 3 mL;38970,0;Entrega realizada ;29/06/2020
CENTRO-OESTE;MATO GROSSO;SES;MIDAZOLAM 5 MG/ML, SOLUCAO INJETAVEL;AMPOLA 3 mL;23100,0;Entrega realizada ;29/06/2020
NORDESTE;PERNAMBUCO;SES;MIDAZOLAM 5 MG/ML, SOLUCAO INJETAVEL;AMPOLA 3 mL;30680,0;Entrega realizada ;29/06/2020
NORDESTE;MARANHAO;SES;DEXTROCETAMINA, CLORIDRATO 50 MG/ML ;AMPOLA 10 mL;750,0;Entrega realizada ;30/06/2020
NORTE;RORAIMA;SES;MIDAZOLAM 5 MG/ML, SOLUCAO INJETAVEL;AMPOLA 3 mL;7250,0;Entrega realizada ;30/06/2020
NORDESTE;BAHIA;SES;FENTANILA, CITRATO 0,05 MG/ML ;AMPOLA 10 mL;13600,0;Entrega realizada;30/06/2020
SUDESTE;SAO PAULO;SES;FENTANILA, CITRATO 0,05 MG/ML;AMPOLA 5 mL;50000,0;Entrega realizada;30/06/2020
NORDESTE;CEARA;SES;FENTANILA, CITRATO 0,05 MG/ML ;AMPOLA 10 mL;43475,0;Entrega realizada;01/07/2020
NORDESTE;MARANHAO;SES;FENTANILA, CITRATO 0,05 MG/ML ;AMPOLA 10 mL;5200,0;Entrega realizada;01/07/2020
NORDESTE;PARAIBA;SES;FENTANILA, CITRATO 0,05 MG/ML ;AMPOLA 10 mL;350,0;Entrega realizada;01/07/2020
NORDESTE;PERNAMBUCO;SES;FENTANILA, CITRATO 0,05 MG/ML ;AMPOLA 10 mL;2075,0;Entrega realizada;01/07/2020
NORDESTE;PIAUI;SES;FENTANILA, CITRATO 0,05 MG/ML ;AMPOLA 10 mL;675,0;Entrega realizada;01/07/2020
NORDESTE;RIO GRANDE DO NORTE;SES;FENTANILA, CITRATO 0,05 MG/ML ;AMPOLA 10 mL;10725,0;Entrega realizada;01/07/2020
CENTRO-OESTE;MATO GROSSO DO SUL;SES;PROPOFOL 10 MG/ML, EMULSAO INJETAVEL;AMPOLA 10 mL;5040,0;Entrega realizada;01/07/2020
NORTE;AMAPA;SES;PROPOFOL 10 MG/ML, EMULSAO INJETAVEL;AMPOLA 10 mL;11980,0;Entrega realizada;01/07/2020
NORDESTE;PARAIBA;SES;PROPOFOL 10 MG/ML, EMULSAO INJETAVEL;AMPOLA 20 mL;9240,0;Entrega realizada;01/07/2020
NORDESTE;SERGIPE;SES;PROPOFOL 10 MG/ML, EMULSAO INJETAVEL;AMPOLA 20 mL;8970,0;Entrega realizada;01/07/2020
CENTRO-OESTE;MATO GROSSO DO SUL;SES;PROPOFOL 10 MG/ML, EMULSAO INJETAVEL;AMPOLA 20 mL;10960,0;Entrega realizada;01/07/2020
NORDESTE;PIAUI;SES;PROPOFOL 10 MG/ML, EMULSAO INJETAVEL;AMPOLA 20 mL;10670,0;Entrega realizada;01/07/2020
NORTE;TOCANTINS;SES;FENTANILA, CITRATO 0,05 MG/ML ;AMPOLA 10 mL;2175,0;Entrega realizada;02/07/2020
CENTRO-OESTE;MATO GROSSO;SES;FENTANILA, CITRATO 0,05 MG/ML ;AMPOLA 10 mL;46725,0;Entrega realizada;03/07/2020
CENTRO-OESTE;MATO GROSSO;SES;PROPOFOL 10 MG/ML, EMULSAO INJETAVEL;AMPOLA 10 mL;22980,0;Entrega realizada;03/07/2020
CENTRO-OESTE;MATO GROSSO;SES;PROPOFOL 10 MG/ML, EMULSAO INJETAVEL;AMPOLA 20 mL;160,0;Entrega realizada;03/07/2020
SUDESTE;SAO PAULO;SES;ROCURONIO, BROMETO 10 MG/ML ;AMPOLA 5 mL;18625,0;Entrega realizada ;02/07/2020
SUDESTE;SAO PAULO;SES;FENTANILA, CITRATO 0,05 MG/ML ;AMPOLA 10 mL;114200,0;Entrega realizada ;03/07/2020
SUDESTE;SAO PAULO;SES;FENTANILA, CITRATO 0,05 MG/ML ;AMPOLA 2 mL;89250,0;Entrega realizada ;03/07/2020
NORDESTE;PIAUI;SES;FENTANILA, CITRATO 0,05 MG/ML ;AMPOLA 2 mL;3500,0;Entrega realizada ;03/07/2020
NORDESTE;PARAIBA;SES;FENTANILA, CITRATO 0,05 MG/ML ;AMPOLA 2 mL;3750,0;Entrega realizada;03/07/2020
SUDESTE;SAO PAULO;SES;MIDAZOLAM, CLORIDRATO, 1 MG/ML, SOLUCAO INJETAVEL;AMPOLA 5 mL;8340,0;Entrega realizada ;03/07/2020
NORDESTE;CEARA;SES;ROCURONIO, BROMETO 10 MG/ML ;AMPOLA 5 mL;1900,0;Entrega realizada ;03/07/2020
NORDESTE;RIO GRANDE DO NORTE;SES;ROCURONIO, BROMETO 10 MG/ML ;AMPOLA 5 mL;2650,0;Entrega realizada;03/07/2020
SUDESTE;SAO PAULO;SES;CISATRACURIO, BESILATO 2 MG/ML ;AMPOLA 10 mL;6200,0;Entrega realizada ;03/07/2020
SUDESTE;ESPIRITO SANTO;SES;CISATRACURIO, BESILATO 2 MG/ML ;AMPOLA 10 mL;125,0;Entrega realizada;04/07/2020
NORTE;RORAIMA;SES;ROCURONIO, BROMETO 10 MG/ML ;AMPOLA 5 mL;1175,0;Entrega realizada;05/07/2020
NORTE;RORAIMA;SES;MIDAZOLAM, CLORIDRATO, 1 MG/ML, SOLUCAO INJETAVEL;AMPOLA 5 mL;1880,0;Entrega realizada;05/07/2020
NORTE;RORAIMA;SES;CISATRACURIO, BESILATO 2 MG/ML ;AMPOLA 10 mL;125,0;Entrega realizada;05/07/2020
NORDESTE;BAHIA;SES;FENTANILA, CITRATO 0,05 MG/ML ;AMPOLA 10 mL;60800,0;Entrega realizada;06/07/2020
CENTRO-OESTE;GOIAS;SES;ROCURONIO, BROMETO 10 MG/ML ;AMPOLA 5 mL;2600,0;Entrega realizada;06/07/2020
NORTE;AMAZONAS;SES;ROCURONIO, BROMETO 10 MG/ML ;AMPOLA 5 mL;750,0;Entrega realizada;06/07/2020
CENTRO-OESTE;GOIAS;SES;CISATRACURIO, BESILATO 2 MG/ML ;AMPOLA 10 mL;200,0;Entrega realizada;06/07/2020
NORDESTE;BAHIA;SES;CISATRACURIO, BESILATO 2 MG/ML ;AMPOLA 10 mL;825,0;Entrega realizada;06/07/2020
NORDESTE;PERNAMBUCO;SES;FENTANILA, CITRATO 0,05 MG/ML ;AMPOLA 2 mL;3500,0;Entrega realizada;07/07/2020
NORDESTE;MARANHAO;SES;ROCURONIO, BROMETO 10 MG/ML ;AMPOLA 5 mL;425,0;Entrega realizada;07/07/2020
NORDESTE;PERNAMBUCO;SES;ROCURONIO, BROMETO 10 MG/ML ;AMPOLA 5 mL;2000,0;Entrega realizada;07/07/2020
NORDESTE;MARANHAO;SES;CISATRACURIO, BESILATO 2 MG/ML ;AMPOLA 10 mL;125,0;Entrega realizada;07/07/2020
NORDESTE;PERNAMBUCO;SES;MIDAZOLAM, CLORIDRATO, 1 MG/ML, SOLUCAO INJETAVEL;AMPOLA 5 mL;8430,0;Entrega realizada;07/07/2020
CENTRO-OESTE;MATO GROSSO;SES;ROCURONIO, BROMETO 10 MG/ML ;AMPOLA 5 mL;17150,0;Entrega realizada;08/07/2020
CENTRO-OESTE;MATO GROSSO;SES;CISATRACURIO, BESILATO 2 MG/ML ;AMPOLA 10 mL;2400,0;Entrega realizada;08/07/2020
CENTRO-OESTE;MATO GROSSO;SES;MIDAZOLAM, CLORIDRATO, 1 MG/ML, SOLUCAO INJETAVEL;AMPOLA 5 mL;6350,0;Entrega realizada;08/07/2020
NORTE;AMAPA;SES;ROCURONIO, BROMETO 10 MG/ML ;AMPOLA 5 mL;1975,0;Entrega realizada;13/07/2020
NORTE;RONDONIA;SES;ROCURONIO, BROMETO 10 MG/ML ;AMPOLA 5 mL;750,0;Entrega realizada;22/07/2020
CENTRO-OESTE;GOIAS;SES;DEXMEDETOMIDINA, CLORIDRATO 100 MCG/ML ;AMPOLA 2 mL;540,0;Entrega realizada;06/07/2020
NORTE;PARA;SES;DEXMEDETOMIDINA, CLORIDRATO 100 MCG/ML ;AMPOLA 2 mL;760,0;Entrega realizada;06/07/2020
NORDESTE;PIAUI;SES;DEXMEDETOMIDINA, CLORIDRATO 100 MCG/ML ;AMPOLA 2 mL;810,0;Entrega realizada;06/07/2020
NORDESTE;PERNAMBUCO;SES;DEXMEDETOMIDINA, CLORIDRATO 100 MCG/ML ;AMPOLA 2 mL;1120,0;Entrega realizada;06/07/2020
SUDESTE;SAO PAULO;SES;DEXMEDETOMIDINA, CLORIDRATO 100 MCG/ML ;AMPOLA 2 mL;1945,0;Entrega realizada;07/07/2020
CENTRO-OESTE;MATO GROSSO;SES;DEXMEDETOMIDINA, CLORIDRATO 100 MCG/ML ;AMPOLA 2 mL;3645,0;Entrega realizada;08/07/2020
CENTRO-OESTE;MATO GROSSO DO SUL;SES;PROPOFOL 10 MG/ML, EMULSAO INJETAVEL;AMPOLA 20 mL;1455,0;Entrega realizada;09/07/2020
NORDESTE;SERGIPE;SES;PROPOFOL 10 MG/ML, EMULSAO INJETAVEL;AMPOLA 20 mL;1045,0;Entrega realizada;09/07/2020
NORDESTE;ALAGOAS;SES;PROPOFOL 10 MG/ML, EMULSAO INJETAVEL;AMPOLA 20 mL;12190,0;Entrega realizada;10/07/2020
NORTE;AMAPA;SES;PROPOFOL 10 MG/ML, EMULSAO INJETAVEL;AMPOLA 20 mL;4920,0;Entrega realizada;10/07/2020
NORDESTE;PARAIBA;SES;PROPOFOL 10 MG/ML, EMULSAO INJETAVEL;AMPOLA 20 mL;4230,0;Entrega realizada;10/07/2020
NORDESTE;PIAUI;SES;PROPOFOL 10 MG/ML, EMULSAO INJETAVEL;AMPOLA 20 mL;6160,0;Entrega realizada;10/07/2020
NORTE;AMAPA;SES;PANCURONIO, BROMETO, 2 MG/ML, SOLUCAO INJETAVEL;AMPOLA 2 mL;3550,0;Entrega realizada;10/07/2020
NORDESTE;MARANHAO;SES;PANCURONIO, BROMETO, 2 MG/ML, SOLUCAO INJETAVEL;AMPOLA 2 mL;2050,0;Entrega realizada;10/07/2020
NORDESTE;PIAUI;SES;PANCURONIO, BROMETO, 2 MG/ML, SOLUCAO INJETAVEL;AMPOLA 2 mL;4250,0;Entrega realizada;10/07/2020
NORTE;RORAIMA;SES;PANCURONIO, BROMETO, 2 MG/ML, SOLUCAO INJETAVEL;AMPOLA 2 mL;150,0;Entrega realizada;11/07/2020
CENTRO-OESTE;GOIAS;SES;SUXAMETONIO, CLORETO 100 MG PO LIOF. INJETAVEL;-;836,0;Entrega realizada;14/07/2020
CENTRO-OESTE;MATO GROSSO;SES;SUXAMETONIO, CLORETO 100 MG PO LIOF. INJETAVEL;-;258,0;Entrega realizada;14/07/2020
NORDESTE;RIO GRANDE DO NORTE;SES;SUXAMETONIO, CLORETO 100 MG PO LIOF. INJETAVEL;-;1497,0;Entrega realizada;15/07/2020
NORDESTE;PARAIBA;SES;SUXAMETONIO, CLORETO 100 MG PO LIOF. INJETAVEL;-;2341,0;Entrega realizada;15/07/2020
NORDESTE;PERNAMBUCO;SES;SUXAMETONIO, CLORETO 100 MG PO LIOF. INJETAVEL;-;2694,0;Entrega realizada;15/07/2020
NORDESTE;ALAGOAS;SES;SUXAMETONIO, CLORETO 100 MG PO LIOF. INJETAVEL;-;2134,0;Entrega realizada;15/07/2020
NORDESTE;BAHIA;SES;SUXAMETONIO, CLORETO 100 MG PO LIOF. INJETAVEL;-;2075,0;Entrega realizada;15/07/2020
NORTE;RONDONIA;SES;SUXAMETONIO, CLORETO 100 MG PO LIOF. INJETAVEL;-;523,0;Entrega realizada;16/07/2020
NORTE;RORAIMA;SES;SUXAMETONIO, CLORETO 100 MG PO LIOF. INJETAVEL;-;150,0;Entrega realizada;16/07/2020
NORTE;PARA;SES;SUXAMETONIO, CLORETO 100 MG PO LIOF. INJETAVEL;-;871,0;Entrega realizada;16/07/2020
NORDESTE;MARANHAO;SES;SUXAMETONIO, CLORETO 100 MG PO LIOF. INJETAVEL;-;1781,0;Entrega realizada;16/07/2020
NORDESTE;PIAUI;SES;SUXAMETONIO, CLORETO 100 MG PO LIOF. INJETAVEL;-;12351,0;Entrega realizada;16/07/2020
SUDESTE;RIO DE JANEIRO;SES;SUXAMETONIO, CLORETO 100 MG PO LIOF. INJETAVEL;-;599,0;Entrega realizada;17/07/2020
NORTE;AMAPA;SES;SUXAMETONIO, CLORETO 100 MG PO LIOF. INJETAVEL;-;1890,0;Entrega realizada;21/07/2020
CENTRO-OESTE;GOIAS;SES;MIDAZOLAM 5 MG/ML, SOLUCAO INJETAVEL;AMPOLA 3 mL;5080,0;Entrega realizada;20/07/2020
CENTRO-OESTE;GOIAS;SES;MIDAZOLAM 5 MG/ML, SOLUCAO INJETAVEL;AMPOLA 5 mL;1270,0;Entrega realizada;20/07/2020
CENTRO-OESTE;GOIAS;SES;CISATRACURIO, BESILATO 2 MG/ML ;AMPOLA 10 mL;1075,0;Entrega realizada;20/07/2020
CENTRO-OESTE;GOIAS;SES;ROCURONIO, BROMETO 10 MG/ML;AMPOLA 5 mL;6750,0;Entrega realizada;20/07/2020
CENTRO-OESTE;GOIAS;SES;FENTANILA, CITRATO 0,05 MG/ML;AMPOLA 2 mL;11650,0;Entrega realizada;20/07/2020
CENTRO-OESTE;GOIAS;SES;FENTANILA, CITRATO 0,05 MG/ML;AMPOLA 5 mL;5820,0;Entrega realizada;20/07/2020
CENTRO-OESTE;GOIAS;SES;FENTANILA, CITRATO 0,05 MG/ML;AMPOLA 10 mL;17450,0;Entrega realizada;20/07/2020
CENTRO-OESTE;GOIAS;SES;MIDAZOLAM 5 MG/ML, SOLUCAO INJETAVEL;AMPOLA 10 mL;2540,0;Entrega realizada;20/07/2020
CENTRO-OESTE;GOIAS;SES;DEXTROCETAMINA, CLORIDRATO 50 MG/ML ;AMPOLA 2 mL;975,0;Entrega realizada;20/07/2020
CENTRO-OESTE;GOIAS;SES;DEXTROCETAMINA, CLORIDRATO 50 MG/ML ;AMPOLA 10 mL;500,0;Entrega realizada;20/07/2020
NORTE;RONDONIA;SES;DEXTROCETAMINA, CLORIDRATO 50 MG/ML ;AMPOLA 2 mL;800,0;Entrega realizada;21/07/2020
NORTE;RONDONIA;SES;DEXTROCETAMINA, CLORIDRATO 50 MG/ML ;AMPOLA 10 mL;400,0;Entrega realizada;21/07/2020
NORTE;RONDONIA;SES;PROPOFOL 10 MG/ML, EMULSAO INJETAVEL;AMPOLA 20 mL;760,0;Entrega realizada;21/07/2020
NORDESTE;MARANHAO;SES;CISATRACURIO, BESILATO 2 MG/ML ;AMPOLA 10 mL;670,0;Entrega realizada;21/07/2020
NORTE;RONDONIA;SES;ROCURONIO, BROMETO 10 MG/ML;AMPOLA 5 mL;1375,0;Entrega realizada;21/07/2020
NORDESTE;MARANHAO;SES;FENTANILA, CITRATO 0,05 MG/ML;AMPOLA 2 mL;650,0;Entrega realizada;21/07/2020
NORTE;RONDONIA;SES;FENTANILA, CITRATO 0,05 MG/ML;AMPOLA 2 mL;900,0;Entrega realizada;21/07/2020
NORDESTE;MARANHAO;SES;FENTANILA, CITRATO 0,05 MG/ML;AMPOLA 5 mL;340,0;Entrega realizada;21/07/2020
NORTE;RONDONIA;SES;FENTANILA, CITRATO 0,05 MG/ML;AMPOLA 5 mL;440,0;Entrega realizada;21/07/2020
NORDESTE;MARANHAO;SES;FENTANILA, CITRATO 0,05 MG/ML;AMPOLA 10 mL;1000,0;Entrega realizada;21/07/2020
NORTE;RONDONIA;SES;FENTANILA, CITRATO 0,05 MG/ML;AMPOLA 10 mL;1300,0;Entrega realizada;21/07/2020
NORDESTE;ALAGOAS;SES;MIDAZOLAM 5 MG/ML, SOLUCAO INJETAVEL;AMPOLA 3 mL;8800,0;Entrega realizada;22/07/2020
NORDESTE;SERGIPE;SES;MIDAZOLAM 5 MG/ML, SOLUCAO INJETAVEL;AMPOLA 3 mL;6540,0;Entrega realizada;22/07/2020
NORDESTE;ALAGOAS;SES;MIDAZOLAM 5 MG/ML, SOLUCAO INJETAVEL;AMPOLA 5 mL;2200,0;Entrega realizada;22/07/2020
NORDESTE;SERGIPE;SES;MIDAZOLAM 5 MG/ML, SOLUCAO INJETAVEL;AMPOLA 5 mL;1630,0;Entrega realizada;22/07/2020
NORDESTE;ALAGOAS;SES;MIDAZOLAM 5 MG/ML, SOLUCAO INJETAVEL;AMPOLA 10 mL;4400,0;Entrega realizada;22/07/2020
NORDESTE;SERGIPE;SES;MIDAZOLAM 5 MG/ML, SOLUCAO INJETAVEL;AMPOLA 10 mL;3270,0;Entrega realizada;22/07/2020
NORDESTE;ALAGOAS;SES;PROPOFOL 10 MG/ML, EMULSAO INJETAVEL;AMPOLA 20 mL;1290,0;Entrega realizada;22/07/2020
NORDESTE;ALAGOAS;SES;CISATRACURIO, BESILATO 2 MG/ML ;AMPOLA 10 mL;1435,0;Entrega realizada;22/07/2020
NORDESTE;SERGIPE;SES;CISATRACURIO, BESILATO 2 MG/ML ;AMPOLA 10 mL;2120,0;Entrega realizada;22/07/2020
NORDESTE;ALAGOAS;SES;ROCURONIO, BROMETO 10 MG/ML;AMPOLA 5 mL;2225,0;Entrega realizada;22/07/2020
SUDESTE;ESPIRITO SANTO;SES;ROCURONIO, BROMETO 10 MG/ML;AMPOLA 5 mL;2650,0;Entrega realizada;22/07/2020
NORDESTE;SERGIPE;SES;FENTANILA, CITRATO 0,05 MG/ML;AMPOLA 2 mL;2100,0;Entrega realizada;22/07/2020
NORDESTE;SERGIPE;SES;FENTANILA, CITRATO 0,05 MG/ML;AMPOLA 5 mL;1060,0;Entrega realizada;22/07/2020
NORDESTE;SERGIPE;SES;FENTANILA, CITRATO 0,05 MG/ML;AMPOLA 10 mL;3200,0;Entrega realizada;22/07/2020
SUDESTE;RIO DE JANEIRO;SES;MIDAZOLAM 5 MG/ML, SOLUCAO INJETAVEL;AMPOLA 3 mL;22450,0;Entrega realizada;23/07/2020
SUDESTE;RIO DE JANEIRO;SES;MIDAZOLAM 5 MG/ML, SOLUCAO INJETAVEL;AMPOLA 5 mL;5620,0;Entrega realizada;23/07/2020
SUDESTE;RIO DE JANEIRO;SES;CISATRACURIO, BESILATO 2 MG/ML ;AMPOLA 5 mL;23430,0;Entrega realizada;23/07/2020
NORDESTE;BAHIA;SES;CISATRACURIO, BESILATO 2 MG/ML ;AMPOLA 10 mL;2965,0;Entrega realizada;23/07/2020
CENTRO-OESTE;MATO GROSSO;SES;CISATRACURIO, BESILATO 2 MG/ML ;AMPOLA 10 mL;130,0;Entrega realizada;23/07/2020
SUDESTE;RIO DE JANEIRO;SES;MIDAZOLAM 5 MG/ML, SOLUCAO INJETAVEL;AMPOLA 10 mL;11230,0;Entrega realizada;23/07/2020
NORDESTE;BAHIA;SES;DEXTROCETAMINA, CLORIDRATO 50 MG/ML ;AMPOLA 2 mL;1775,0;Entrega realizada;23/07/2020
NORDESTE;BAHIA;SES;DEXTROCETAMINA, CLORIDRATO 50 MG/ML ;AMPOLA 10 mL;875,0;Entrega realizada;23/07/2020
SUDESTE;RIO DE JANEIRO;SES;PROPOFOL 10 MG/ML, EMULSAO INJETAVEL;AMPOLA 20 mL;4850,0;Entrega realizada;23/07/2020
SUDESTE;RIO DE JANEIRO;SES;CISATRACURIO, BESILATO 2 MG/ML ;AMPOLA 10 mL;1600,0;Entrega realizada;23/07/2020
SUL;SANTA CATARINA;SES;CISATRACURIO, BESILATO 2 MG/ML ;AMPOLA 10 mL;325,0;Entrega realizada;23/07/2020
NORDESTE;BAHIA;SES;ROCURONIO, BROMETO 10 MG/ML;AMPOLA 5 mL;3100,0;Entrega realizada;23/07/2020
CENTRO-OESTE;MATO GROSSO;SES;ROCURONIO, BROMETO 10 MG/ML;AMPOLA 5 mL;925,0;Entrega realizada;23/07/2020
NORTE;PARA;SES;ROCURONIO, BROMETO 10 MG/ML;AMPOLA 5 mL;1975,0;Entrega realizada;23/07/2020
SUDESTE;RIO DE JANEIRO;SES;ROCURONIO, BROMETO 10 MG/ML;AMPOLA 5 mL;39075,0;Entrega realizada;23/07/2020
NORTE;PARA;SES;FENTANILA, CITRATO 0,05 MG/ML;AMPOLA 2 mL;21800,0;Entrega realizada;23/07/2020
SUDESTE;RIO DE JANEIRO;SES;FENTANILA, CITRATO 0,05 MG/ML;AMPOLA 2 mL;31250,0;Entrega realizada;23/07/2020
NORTE;PARA;SES;FENTANILA, CITRATO 0,05 MG/ML;AMPOLA 5 mL;10890,0;Entrega realizada;23/07/2020
SUDESTE;RIO DE JANEIRO;SES;FENTANILA, CITRATO 0,05 MG/ML;AMPOLA 5 mL;15630,0;Entrega realizada;23/07/2020
NORTE;PARA;SES;FENTANILA, CITRATO 0,05 MG/ML;AMPOLA 10 mL;32700,0;Entrega realizada;23/07/2020
SUDESTE;RIO DE JANEIRO;SES;FENTANILA, CITRATO 0,05 MG/ML;AMPOLA 10 mL;46900,0;Entrega realizada;23/07/2020
NORDESTE;CEARA;SES;MIDAZOLAM 5 MG/ML, SOLUCAO INJETAVEL;AMPOLA 3 mL;4440,0;Entrega realizada;24/07/2020
NORDESTE;PIAUI;SES;MIDAZOLAM 5 MG/ML, SOLUCAO INJETAVEL;AMPOLA 3 mL;30550,0;Entrega realizada;24/07/2020
NORDESTE;RIO GRANDE DO NORTE;SES;MIDAZOLAM 5 MG/ML, SOLUCAO INJETAVEL;AMPOLA 3 mL;10290,0;Entrega realizada;24/07/2020
NORDESTE;CEARA;SES;MIDAZOLAM 5 MG/ML, SOLUCAO INJETAVEL;AMPOLA 5 mL;1110,0;Entrega realizada;24/07/2020
NORDESTE;PIAUI;SES;MIDAZOLAM 5 MG/ML, SOLUCAO INJETAVEL;AMPOLA 5 mL;7640,0;Entrega realizada;24/07/2020
NORDESTE;RIO GRANDE DO NORTE;SES;MIDAZOLAM 5 MG/ML, SOLUCAO INJETAVEL;AMPOLA 5 mL;2570,0;Entrega realizada;24/07/2020
NORDESTE;CEARA;SES;MIDAZOLAM 5 MG/ML, SOLUCAO INJETAVEL;AMPOLA 10 mL;2220,0;Entrega realizada;24/07/2020
NORDESTE;PIAUI;SES;MIDAZOLAM 5 MG/ML, SOLUCAO INJETAVEL;AMPOLA 10 mL;15270,0;Entrega realizada;24/07/2020
NORDESTE;RIO GRANDE DO NORTE;SES;MIDAZOLAM 5 MG/ML, SOLUCAO INJETAVEL;AMPOLA 10 mL;5150,0;Entrega realizada;24/07/2020
NORDESTE;CEARA;SES;DEXTROCETAMINA, CLORIDRATO 50 MG/ML ;AMPOLA 2 mL;33125,0;Entrega realizada;24/07/2020
NORDESTE;RIO GRANDE DO NORTE;SES;DEXTROCETAMINA, CLORIDRATO 50 MG/ML ;AMPOLA 2 mL;2225,0;Entrega realizada;24/07/2020
NORDESTE;CEARA;SES;DEXTROCETAMINA, CLORIDRATO 50 MG/ML ;AMPOLA 10 mL;16550,0;Entrega realizada;24/07/2020
NORDESTE;RIO GRANDE DO NORTE;SES;DEXTROCETAMINA, CLORIDRATO 50 MG/ML ;AMPOLA 10 mL;1125,0;Entrega realizada;24/07/2020
NORDESTE;PIAUI;SES;PROPOFOL 10 MG/ML, EMULSAO INJETAVEL;AMPOLA 20 mL;24310,0;Entrega realizada;24/07/2020
NORDESTE;RIO GRANDE DO NORTE;SES;PROPOFOL 10 MG/ML, EMULSAO INJETAVEL;AMPOLA 20 mL;7060,0;Entrega realizada;24/07/2020
NORDESTE;RIO GRANDE DO NORTE;SES;CISATRACURIO, BESILATO 2 MG/ML ;AMPOLA 10 mL;1205,0;Entrega realizada;24/07/2020
CENTRO-OESTE;DISTRITO FEDERAL;SES;ROCURONIO, BROMETO 10 MG/ML;AMPOLA 5 mL;175,0;Entrega realizada;24/07/2020
NORDESTE;PIAUI;SES;ROCURONIO, BROMETO 10 MG/ML;AMPOLA 5 mL;2525,0;Entrega realizada;24/07/2020
NORDESTE;RIO GRANDE DO NORTE;SES;ROCURONIO, BROMETO 10 MG/ML;AMPOLA 5 mL;7675,0;Entrega realizada;24/07/2020
NORDESTE;PIAUI;SES;FENTANILA, CITRATO 0,05 MG/ML;AMPOLA 2 mL;9550,0;Entrega realizada;24/07/2020
NORDESTE;RIO GRANDE DO NORTE;SES;FENTANILA, CITRATO 0,05 MG/ML;AMPOLA 2 mL;11350,0;Entrega realizada;24/07/2020
NORDESTE;PIAUI;SES;FENTANILA, CITRATO 0,05 MG/ML;AMPOLA 5 mL;4780,0;Entrega realizada;24/07/2020
NORDESTE;RIO GRANDE DO NORTE;SES;FENTANILA, CITRATO 0,05 MG/ML;AMPOLA 5 mL;5670,0;Entrega realizada;24/07/2020
NORDESTE;PIAUI;SES;FENTANILA, CITRATO 0,05 MG/ML;AMPOLA 10 mL;14350,0;Entrega realizada;24/07/2020
NORDESTE;RIO GRANDE DO NORTE;SES;FENTANILA, CITRATO 0,05 MG/ML;AMPOLA 10 mL;17000,0;Entrega realizada;24/07/2020
NORTE;TOCANTINS;SES;CISATRACURIO, BESILATO 2 MG/ML ;AMPOLA 5 mL;1570,0;Entrega realizada;25/07/2020
NORTE;RORAIMA;SES;CISATRACURIO, BESILATO 2 MG/ML ;AMPOLA 10 mL;360,0;Entrega realizada;25/07/2020
NORTE;RORAIMA;SES;ROCURONIO, BROMETO 10 MG/ML;AMPOLA 5 mL;500,0;Entrega realizada;25/07/2020
NORTE;TOCANTINS;SES;FENTANILA, CITRATO 0,05 MG/ML;AMPOLA 2 mL;2550,0;Entrega realizada;25/07/2020
NORTE;TOCANTINS;SES;FENTANILA, CITRATO 0,05 MG/ML;AMPOLA 5 mL;1260,0;Entrega realizada;25/07/2020
NORTE;TOCANTINS;SES;FENTANILA, CITRATO 0,05 MG/ML;AMPOLA 10 mL;3750,0;Entrega realizada;25/07/2020
NORTE;AMAPA;SES;MIDAZOLAM 5 MG/ML, SOLUCAO INJETAVEL;AMPOLA 3 mL;11850,0;Entrega realizada;29/07/2020
NORTE;AMAPA;SES;MIDAZOLAM 5 MG/ML, SOLUCAO INJETAVEL;AMPOLA 5 mL;2960,0;Entrega realizada;29/07/2020
NORTE;AMAPA;SES;MIDAZOLAM 5 MG/ML, SOLUCAO INJETAVEL;AMPOLA 10 mL;5920,0;Entrega realizada;29/07/2020
NORTE;AMAPA;SES;DEXTROCETAMINA, CLORIDRATO 50 MG/ML ;AMPOLA 2 mL;11100,0;Entrega realizada;29/07/2020
NORTE;AMAPA;SES;DEXTROCETAMINA, CLORIDRATO 50 MG/ML ;AMPOLA 10 mL;5550,0;Entrega realizada;29/07/2020
NORTE;AMAPA;SES;PROPOFOL 10 MG/ML, EMULSAO INJETAVEL;AMPOLA 20 mL;1730,0;Entrega realizada;29/07/2020
NORTE;AMAPA;SES;CISATRACURIO, BESILATO 2 MG/ML ;AMPOLA 10 mL;3115,0;Entrega realizada;29/07/2020
NORTE;AMAPA;SES;ROCURONIO, BROMETO 10 MG/ML;AMPOLA 5 mL;6050,0;Entrega realizada;29/07/2020
NORTE;AMAPA;SES;FENTANILA, CITRATO 0,05 MG/ML;AMPOLA 2 mL;8200,0;Entrega realizada;29/07/2020
NORTE;AMAPA;SES;FENTANILA, CITRATO 0,05 MG/ML;AMPOLA 5 mL;4110,0;Entrega realizada;29/07/2020
NORTE;AMAPA;SES;FENTANILA, CITRATO 0,05 MG/ML;AMPOLA 10 mL;12350,0;Entrega realizada;29/07/2020
NORDESTE;PARAIBA;SES;DEXMEDETOMIDINA, CLORIDRATO 100 MCG/ML ;AMPOLA 2 mL;4325,0;Entrega realizada;29/07/2020
NORDESTE;RIO GRANDE DO NORTE;SES;DEXMEDETOMIDINA, CLORIDRATO 100 MCG/ML ;AMPOLA 2 mL;785,0;Entrega realizada;30/07/2020
NORDESTE;BAHIA;SES;PANCURONIO, BROMETO, 2 MG/ML, SOLUCAO INJETAVEL;AMPOLA 2 mL;15800,0;Entrega realizada;28/07/2020
CENTRO-OESTE;MATO GROSSO;SES;PANCURONIO, BROMETO, 2 MG/ML, SOLUCAO INJETAVEL;AMPOLA 2 mL;1600,0;Entrega realizada;29/07/2020
NORTE;TOCANTINS;SES;PANCURONIO, BROMETO, 2 MG/ML, SOLUCAO INJETAVEL;AMPOLA 2 mL;17650,0;Entrega realizada;27/07/2020
NORDESTE;RIO GRANDE DO NORTE;SES;FENTANILA, CITRATO 0,05 MG/ML;AMPOLA 10 mL;11850,0;Entrega realizada;30/07/2020
NORTE;TOCANTINS;SES;FENTANILA, CITRATO 0,05 MG/ML;AMPOLA 10 mL;1775,0;Entrega realizada;27/07/2020
NORDESTE;RIO GRANDE DO NORTE;SES;FENTANILA, CITRATO 0,05 MG/ML;AMPOLA 5 mL;2375,0;Entrega realizada;30/07/2020
NORTE;TOCANTINS;SES;FENTANILA, CITRATO 0,05 MG/ML;AMPOLA 5 mL;350,0;Entrega realizada;27/07/2020
NORTE;RORAIMA;SES;DEXMEDETOMIDINA, CLORIDRATO 100 MCG/ML ;AMPOLA 2 mL;1170,0;Entrega realizada;30/07/2020
NORTE;RONDONIA;SES;PANCURONIO, BROMETO, 2 MG/ML, SOLUCAO INJETAVEL;AMPOLA 2 mL;4400,0;Entrega realizada;31/07/2020
NORTE;RORAIMA;SES;PANCURONIO, BROMETO, 2 MG/ML, SOLUCAO INJETAVEL;AMPOLA 2 mL;3500,0;Entrega realizada;30/07/2020
NORTE;AMAPA;SES;DEXMEDETOMIDINA, CLORIDRATO 100 MCG/ML ;AMPOLA 2 mL;3720,0;Entrega realizada;11/08/2020
NORTE;AMAPA;SES;PANCURONIO, BROMETO, 2 MG/ML, SOLUCAO INJETAVEL;AMPOLA 2 mL;7050,0;Entrega realizada;31/07/2020
NORTE;AMAPA;SES;FENTANILA, CITRATO 0,05 MG/ML;AMPOLA 10 mL;59075,0;Entrega realizada;11/08/2020
NORTE;AMAPA;SES;FENTANILA, CITRATO 0,05 MG/ML;AMPOLA 5 mL;11825,0;Entrega realizada;11/08/2020
NORTE;PARA;SES;FENTANILA, CITRATO 0,05 MG/ML;AMPOLA 10 mL;7750,0;Entrega realizada;29/07/2020
NORTE;PARA;SES;FENTANILA, CITRATO 0,05 MG/ML;AMPOLA 5 mL;1550,0;Entrega realizada;29/07/2020
NORDESTE;PARAIBA;SES;FENTANILA, CITRATO 0,05 MG/ML;AMPOLA 10 mL;15700,0;Entrega realizada;06/08/2020
CENTRO-OESTE;GOIAS;SES;FENTANILA, CITRATO 0,05 MG/ML;AMPOLA 10 mL;18200,0;Entrega realizada;03/08/2020
NORDESTE;RIO GRANDE DO NORTE;SES;FENTANILA, CITRATO 0,05 MG/ML;AMPOLA 10 mL;10500,0;Entrega realizada;06/08/2020
CENTRO-OESTE;MATO GROSSO DO SUL;SES;FENTANILA, CITRATO 0,05 MG/ML;AMPOLA 10 mL;22500,0;Entrega realizada;03/08/2020
NORTE;TOCANTINS;SES;FENTANILA, CITRATO 0,05 MG/ML;AMPOLA 10 mL;475,0;Entrega realizada;03/08/2020
NORTE;RORAIMA;SES;FENTANILA, CITRATO 0,05 MG/ML;AMPOLA 10 mL;2175,0;Entrega realizada;06/08/2020
NORDESTE;PARAIBA;SES;FENTANILA, CITRATO 0,05 MG/ML;AMPOLA 5 mL;3125,0;Entrega realizada;06/08/2020
CENTRO-OESTE;GOIAS;SES;FENTANILA, CITRATO 0,05 MG/ML;AMPOLA 5 mL;3650,0;Entrega realizada;03/08/2020
NORDESTE;RIO GRANDE DO NORTE;SES;FENTANILA, CITRATO 0,05 MG/ML;AMPOLA 5 mL;2100,0;Entrega realizada;06/08/2020
CENTRO-OESTE;MATO GROSSO DO SUL;SES;FENTANILA, CITRATO 0,05 MG/ML;AMPOLA 5 mL;4500,0;Entrega realizada;03/08/2020
NORTE;TOCANTINS;SES;FENTANILA, CITRATO 0,05 MG/ML;AMPOLA 5 mL;100,0;Entrega realizada;03/08/2020
NORTE;RORAIMA;SES;FENTANILA, CITRATO 0,05 MG/ML;AMPOLA 5 mL;425,0;Entrega realizada;06/08/2020
CENTRO-OESTE;MATO GROSSO DO SUL;SES;PROPOFOL 10 MG/ML, EMULSAO INJETAVEL;AMPOLA 10 mL;36160,0;Entrega realizada;03/08/2020
NORDESTE;RIO GRANDE DO NORTE;SES;PROPOFOL 10 MG/ML, EMULSAO INJETAVEL;AMPOLA 10 mL;2260,0;Entrega realizada;06/08/2020
NORTE;RORAIMA;SES;PROPOFOL 10 MG/ML, EMULSAO INJETAVEL;AMPOLA 10 mL;1580,0;Entrega realizada;06/08/2020
NORTE;ACRE;SES;FENTANILA, CITRATO 0,05 MG/ML;AMPOLA 10 mL;1100,0;Entrega realizada;06/08/2020
NORDESTE;ALAGOAS;SES;FENTANILA, CITRATO 0,05 MG/ML;AMPOLA 10 mL;13300,0;Entrega realizada;04/08/2020
NORTE;AMAZONAS;SES;FENTANILA, CITRATO 0,05 MG/ML;AMPOLA 10 mL;3350,0;Entrega realizada;04/08/2020
NORTE;AMAPA;SES;FENTANILA, CITRATO 0,05 MG/ML;AMPOLA 10 mL;2750,0;Entrega realizada;06/08/2020
NORDESTE;BAHIA;SES;FENTANILA, CITRATO 0,05 MG/ML;AMPOLA 10 mL;15475,0;Entrega realizada;03/08/2020
NORDESTE;CEARA;SES;FENTANILA, CITRATO 0,05 MG/ML;AMPOLA 10 mL;26700,0;Entrega realizada;04/08/2020
CENTRO-OESTE;DISTRITO FEDERAL;SES;FENTANILA, CITRATO 0,05 MG/ML;AMPOLA 10 mL;12850,0;Entrega realizada;06/08/2020
SUDESTE;ESPIRITO SANTO;SES;FENTANILA, CITRATO 0,05 MG/ML;AMPOLA 10 mL;5000,0;Entrega realizada;06/08/2020
CENTRO-OESTE;GOIAS;SES;FENTANILA, CITRATO 0,05 MG/ML;AMPOLA 10 mL;15750,0;Entrega realizada;06/08/2020
NORDESTE;MARANHAO;SES;FENTANILA, CITRATO 0,05 MG/ML;AMPOLA 10 mL;9025,0;Entrega realizada;04/08/2020
SUDESTE;MINAS GERAIS;SES;FENTANILA, CITRATO 0,05 MG/ML;AMPOLA 10 mL;34400,0;Entrega realizada;05/08/2020
CENTRO-OESTE;MATO GROSSO DO SUL;SES;FENTANILA, CITRATO 0,05 MG/ML;AMPOLA 10 mL;7075,0;Entrega realizada;05/08/2020
CENTRO-OESTE;MATO GROSSO;SES;FENTANILA, CITRATO 0,05 MG/ML;AMPOLA 10 mL;18800,0;Entrega realizada;07/08/2020
NORTE;PARA;SES;FENTANILA, CITRATO 0,05 MG/ML;AMPOLA 10 mL;40800,0;Entrega realizada;04/08/2020
NORDESTE;PARAIBA;SES;FENTANILA, CITRATO 0,05 MG/ML;AMPOLA 10 mL;9950,0;Entrega realizada;04/08/2020
NORDESTE;PERNAMBUCO;SES;FENTANILA, CITRATO 0,05 MG/ML;AMPOLA 10 mL;16600,0;Entrega realizada;04/08/2020
NORDESTE;PIAUI;SES;FENTANILA, CITRATO 0,05 MG/ML;AMPOLA 10 mL;11800,0;Entrega realizada;03/08/2020
SUL;PARANA;SES;FENTANILA, CITRATO 0,05 MG/ML;AMPOLA 10 mL;56500,0;Entrega realizada;04/08/2020
SUDESTE;RIO DE JANEIRO;SES;FENTANILA, CITRATO 0,05 MG/ML;AMPOLA 10 mL;46350,0;Entrega realizada;04/08/2020
NORDESTE;RIO GRANDE DO NORTE;SES;FENTANILA, CITRATO 0,05 MG/ML;AMPOLA 10 mL;16100,0;Entrega realizada;04/08/2020
NORTE;RONDONIA;SES;FENTANILA, CITRATO 0,05 MG/ML;AMPOLA 10 mL;9850,0;Entrega realizada;06/08/2020
NORTE;RORAIMA;SES;FENTANILA, CITRATO 0,05 MG/ML;AMPOLA 10 mL;6650,0;Entrega realizada;05/08/2020
SUL;RIO GRANDE DO SUL;SES;FENTANILA, CITRATO 0,05 MG/ML;AMPOLA 10 mL;42975,0;Entrega realizada;05/08/2020
SUL;SANTA CATARINA;SES;FENTANILA, CITRATO 0,05 MG/ML;AMPOLA 10 mL;30450,0;Entrega realizada;05/08/2020
NORDESTE;SERGIPE;SES;FENTANILA, CITRATO 0,05 MG/ML;AMPOLA 10 mL;10650,0;Entrega realizada;04/08/2020
SUDESTE;SAO PAULO;SES;FENTANILA, CITRATO 0,05 MG/ML;AMPOLA 10 mL;221400,0;Entrega realizada;04/08/2020
NORTE;TOCANTINS;SES;FENTANILA, CITRATO 0,05 MG/ML;AMPOLA 10 mL;3050,0;Entrega realizada;07/08/2020
NORTE;ACRE;SES;ROCURONIO, BROMETO 10 MG/ML;AMPOLA 5 mL;100,0;Entrega realizada;06/08/2020
NORDESTE;ALAGOAS;SES;ROCURONIO, BROMETO 10 MG/ML;AMPOLA 5 mL;8750,0;Entrega realizada;05/08/2020
NORTE;AMAZONAS;SES;ROCURONIO, BROMETO 10 MG/ML;AMPOLA 5 mL;150,0;Entrega realizada;04/08/2020
NORTE;AMAPA;SES;ROCURONIO, BROMETO 10 MG/ML;AMPOLA 5 mL;1250,0;Entrega realizada;06/08/2020
NORDESTE;BAHIA;SES;ROCURONIO, BROMETO 10 MG/ML;AMPOLA 5 mL;24000,0;Entrega realizada;04/08/2020
NORDESTE;CEARA;SES;ROCURONIO, BROMETO 10 MG/ML;AMPOLA 5 mL;5450,0;Entrega realizada;05/08/2020
CENTRO-OESTE;DISTRITO FEDERAL;SES;ROCURONIO, BROMETO 10 MG/ML;AMPOLA 5 mL;4100,0;Entrega realizada;06/08/2020
SUDESTE;ESPIRITO SANTO;SES;ROCURONIO, BROMETO 10 MG/ML;AMPOLA 5 mL;350,0;Entrega realizada;04/08/2020
CENTRO-OESTE;GOIAS;SES;ROCURONIO, BROMETO 10 MG/ML;AMPOLA 5 mL;10400,0;Entrega realizada;06/08/2020
NORDESTE;MARANHAO;SES;ROCURONIO, BROMETO 10 MG/ML;AMPOLA 5 mL;2200,0;Entrega realizada;04/08/2020
SUDESTE;MINAS GERAIS;SES;ROCURONIO, BROMETO 10 MG/ML;AMPOLA 5 mL;8250,0;Entrega realizada;05/08/2020
CENTRO-OESTE;MATO GROSSO DO SUL;SES;ROCURONIO, BROMETO 10 MG/ML;AMPOLA 5 mL;1700,0;Entrega realizada;06/08/2020
CENTRO-OESTE;MATO GROSSO;SES;ROCURONIO, BROMETO 10 MG/ML;AMPOLA 5 mL;6050,0;Entrega realizada;07/08/2020
NORTE;PARA;SES;ROCURONIO, BROMETO 10 MG/ML;AMPOLA 5 mL;4550,0;Entrega realizada;05/08/2020
NORDESTE;PARAIBA;SES;ROCURONIO, BROMETO 10 MG/ML;AMPOLA 5 mL;5350,0;Entrega realizada;05/08/2020
NORDESTE;PERNAMBUCO;SES;ROCURONIO, BROMETO 10 MG/ML;AMPOLA 5 mL;9500,0;Entrega realizada;06/08/2020
NORDESTE;PIAUI;SES;ROCURONIO, BROMETO 10 MG/ML;AMPOLA 5 mL;3300,0;Entrega realizada;03/08/2020
SUL;PARANA;SES;ROCURONIO, BROMETO 10 MG/ML;AMPOLA 5 mL;31700,0;Entrega realizada;04/08/2020
SUDESTE;RIO DE JANEIRO;SES;ROCURONIO, BROMETO 10 MG/ML;AMPOLA 5 mL;37400,0;Entrega realizada;04/08/2020
NORDESTE;RIO GRANDE DO NORTE;SES;ROCURONIO, BROMETO 10 MG/ML;AMPOLA 5 mL;13900,0;Entrega realizada;06/08/2020
NORTE;RONDONIA;SES;ROCURONIO, BROMETO 10 MG/ML;AMPOLA 5 mL;1250,0;Entrega realizada;06/08/2020
NORTE;RORAIMA;SES;ROCURONIO, BROMETO 10 MG/ML;AMPOLA 5 mL;1300,0;Entrega realizada;05/08/2020
SUL;RIO GRANDE DO SUL;SES;ROCURONIO, BROMETO 10 MG/ML;AMPOLA 5 mL;12200,0;Entrega realizada;06/08/2020
SUL;SANTA CATARINA;SES;ROCURONIO, BROMETO 10 MG/ML;AMPOLA 5 mL;23400,0;Entrega realizada;05/08/2020
NORDESTE;SERGIPE;SES;ROCURONIO, BROMETO 10 MG/ML;AMPOLA 5 mL;5400,0;Entrega realizada;05/08/2020
SUDESTE;SAO PAULO;SES;ROCURONIO, BROMETO 10 MG/ML;AMPOLA 5 mL;72250,0;Entrega realizada;04/08/2020
NORTE;TOCANTINS;SES;ROCURONIO, BROMETO 10 MG/ML;AMPOLA 5 mL;5750,0;Entrega realizada;07/08/2020
NORTE;ACRE;SES;ATRACURIO, BESILATO 10MG/ML;AMPOLA 2,5 mL;50,0;Entrega realizada;06/08/2020
NORDESTE;ALAGOAS;SES;ATRACURIO, BESILATO 10MG/ML;AMPOLA 2,5 mL;975,0;Entrega realizada;05/08/2020
NORTE;AMAZONAS;SES;ATRACURIO, BESILATO 10MG/ML;AMPOLA 2,5 mL;1025,0;Entrega realizada;04/08/2020
NORTE;AMAPA;SES;ATRACURIO, BESILATO 10MG/ML;AMPOLA 2,5 mL;1775,0;Entrega realizada;06/08/2020
NORDESTE;BAHIA;SES;ATRACURIO, BESILATO 10MG/ML;AMPOLA 2,5 mL;6025,0;Entrega realizada;04/08/2020
NORDESTE;CEARA;SES;ATRACURIO, BESILATO 10MG/ML;AMPOLA 2,5 mL;23225,0;Entrega realizada;05/08/2020
CENTRO-OESTE;DISTRITO FEDERAL;SES;ATRACURIO, BESILATO 10MG/ML;AMPOLA 2,5 mL;5250,0;Entrega realizada;06/08/2020
SUDESTE;ESPIRITO SANTO;SES;ATRACURIO, BESILATO 10MG/ML;AMPOLA 2,5 mL;3175,0;Entrega realizada;04/08/2020
CENTRO-OESTE;GOIAS;SES;ATRACURIO, BESILATO 10MG/ML;AMPOLA 2,5 mL;8475,0;Entrega realizada;06/08/2020
NORDESTE;MARANHAO;SES;ATRACURIO, BESILATO 10MG/ML;AMPOLA 2,5 mL;1675,0;Entrega realizada;04/08/2020
SUDESTE;MINAS GERAIS;SES;ATRACURIO, BESILATO 10MG/ML;AMPOLA 2,5 mL;4950,0;Entrega realizada;05/08/2020
CENTRO-OESTE;MATO GROSSO DO SUL;SES;ATRACURIO, BESILATO 10MG/ML;AMPOLA 2,5 mL;2325,0;Entrega realizada;06/08/2020
CENTRO-OESTE;MATO GROSSO;SES;ATRACURIO, BESILATO 10MG/ML;AMPOLA 2,5 mL;4675,0;Entrega realizada;07/08/2020
NORTE;PARA;SES;ATRACURIO, BESILATO 10MG/ML;AMPOLA 2,5 mL;49150,0;Entrega realizada;05/08/2020
NORDESTE;PARAIBA;SES;ATRACURIO, BESILATO 10MG/ML;AMPOLA 2,5 mL;500,0;Entrega realizada;05/08/2020
NORDESTE;PERNAMBUCO;SES;ATRACURIO, BESILATO 10MG/ML;AMPOLA 2,5 mL;4600,0;Entrega realizada;06/08/2020
NORDESTE;PIAUI;SES;ATRACURIO, BESILATO 10MG/ML;AMPOLA 2,5 mL;12150,0;Entrega realizada;03/08/2020
SUL;PARANA;SES;ATRACURIO, BESILATO 10MG/ML;AMPOLA 2,5 mL;2975,0;Entrega realizada;04/08/2020
SUDESTE;RIO DE JANEIRO;SES;ATRACURIO, BESILATO 10MG/ML;AMPOLA 2,5 mL;80400,0;Entrega realizada;04/08/2020
NORDESTE;RIO GRANDE DO NORTE;SES;ATRACURIO, BESILATO 10MG/ML;AMPOLA 2,5 mL;2675,0;Entrega realizada;06/08/2020
NORTE;RONDONIA;SES;ATRACURIO, BESILATO 10MG/ML;AMPOLA 2,5 mL;3575,0;Entrega realizada;06/08/2020
NORTE;RORAIMA;SES;ATRACURIO, BESILATO 10MG/ML;AMPOLA 2,5 mL;800,0;Entrega realizada;05/08/2020
SUL;RIO GRANDE DO SUL;SES;ATRACURIO, BESILATO 10MG/ML;AMPOLA 2,5 mL;23025,0;Entrega realizada;06/08/2020
SUL;SANTA CATARINA;SES;ATRACURIO, BESILATO 10MG/ML;AMPOLA 2,5 mL;38650,0;Entrega realizada;05/08/2020
NORDESTE;SERGIPE;SES;ATRACURIO, BESILATO 10MG/ML;AMPOLA 2,5 mL;4425,0;Entrega realizada;05/08/2020
SUDESTE;SAO PAULO;SES;ATRACURIO, BESILATO 10MG/ML;AMPOLA 2,5 mL;13475,0;Entrega realizada;04/08/2020
NORTE;TOCANTINS;SES;CISATRACURIO, BESILATO 2 MG/ML ;AMPOLA 5 mL;10400,0;Entrega realizada;07/08/2020
NORTE;RORAIMA;SES;CISATRACURIO, BESILATO 2 MG/ML ;AMPOLA 5 mL;780,0;Entrega realizada;05/08/2020
NORDESTE;ALAGOAS;SES;CISATRACURIO, BESILATO 2 MG/ML ;AMPOLA 5 mL;4775,0;Entrega realizada;05/08/2020
SUL;PARANA;SES;CISATRACURIO, BESILATO 2 MG/ML ;AMPOLA 5 mL;5095,0;Entrega realizada;04/08/2020
NORDESTE;CEARA;SES;CISATRACURIO, BESILATO 2 MG/ML ;AMPOLA 5 mL;8560,0;Entrega realizada;05/08/2020
NORTE;AMAPA;SES;CISATRACURIO, BESILATO 2 MG/ML ;AMPOLA 5 mL;1265,0;Entrega realizada;06/08/2020
SUDESTE;SAO PAULO;SES;CISATRACURIO, BESILATO 2 MG/ML ;AMPOLA 5 mL;15160,0;Entrega realizada;04/08/2020
CENTRO-OESTE;MATO GROSSO DO SUL;SES;CISATRACURIO, BESILATO 2 MG/ML ;AMPOLA 5 mL;1000,0;Entrega realizada;06/08/2020
CENTRO-OESTE;MATO GROSSO;SES;CISATRACURIO, BESILATO 2 MG/ML ;AMPOLA 5 mL;825,0;Entrega realizada;07/08/2020
NORDESTE;RIO GRANDE DO NORTE;SES;CISATRACURIO, BESILATO 2 MG/ML ;AMPOLA 5 mL;2140,0;Entrega realizada;06/08/2020
NORTE;RORAIMA;SES;NOREPINEFRINA, HEMITARTARATO 2 MG/ML;AMPOLA 4 mL;26000,0;Entrega realizada;05/08/2020
NORTE;PARA;SES;NOREPINEFRINA, HEMITARTARATO 2 MG/ML;AMPOLA 4 mL;17500,0;Entrega realizada;04/08/2020
NORTE;AMAPA;SES;NOREPINEFRINA, HEMITARTARATO 2 MG/ML;AMPOLA 4 mL;4000,0;Entrega realizada;06/08/2020
NORDESTE;RIO GRANDE DO NORTE;SES;NOREPINEFRINA, HEMITARTARATO 2 MG/ML;AMPOLA 4 mL;10150,0;Entrega realizada;04/08/2020
NORTE;TOCANTINS;SES;NOREPINEFRINA, HEMITARTARATO 2 MG/ML;AMPOLA 4 mL;10150,0;Entrega realizada;07/08/2020
CENTRO-OESTE;DISTRITO FEDERAL;SES;NOREPINEFRINA, HEMITARTARATO 2 MG/ML;AMPOLA 4 mL;5250,0;Entrega realizada;06/08/2020
SUDESTE;RIO DE JANEIRO;SES;NOREPINEFRINA, HEMITARTARATO 2 MG/ML;AMPOLA 4 mL;25800,0;Entrega realizada;04/08/2020
NORDESTE;PIAUI;SES;NOREPINEFRINA, HEMITARTARATO 2 MG/ML;AMPOLA 4 mL;2150,0;Entrega realizada;03/08/2020
NORTE;ACRE;SES;SUXAMETONIO, CLORETO 100 MG PO LIOF. INJETAVEL;-;45,0;Entrega realizada;11/08/2020
NORDESTE;ALAGOAS;SES;SUXAMETONIO, CLORETO 100 MG PO LIOF. INJETAVEL;-;2100,0;Entrega realizada;07/08/2020
NORTE;AMAZONAS;SES;SUXAMETONIO, CLORETO 100 MG PO LIOF. INJETAVEL;-;435,0;Entrega realizada;10/08/2020
NORTE;AMAPA;SES;SUXAMETONIO, CLORETO 100 MG PO LIOF. INJETAVEL;-;1110,0;Entrega realizada;11/08/2020
NORDESTE;BAHIA;SES;SUXAMETONIO, CLORETO 100 MG PO LIOF. INJETAVEL;-;1500,0;Entrega realizada;06/08/2020
NORDESTE;CEARA;SES;SUXAMETONIO, CLORETO 100 MG PO LIOF. INJETAVEL;-;2835,0;Entrega realizada;07/08/2020
CENTRO-OESTE;DISTRITO FEDERAL;SES;SUXAMETONIO, CLORETO 100 MG PO LIOF. INJETAVEL;-;675,0;Entrega realizada;07/08/2020
SUDESTE;ESPIRITO SANTO;SES;SUXAMETONIO, CLORETO 100 MG PO LIOF. INJETAVEL;-;240,0;Entrega realizada;11/08/2020
CENTRO-OESTE;GOIAS;SES;SUXAMETONIO, CLORETO 100 MG PO LIOF. INJETAVEL;-;2895,0;Entrega realizada;07/08/2020
NORDESTE;MARANHAO;SES;SUXAMETONIO, CLORETO 100 MG PO LIOF. INJETAVEL;-;1440,0;Entrega realizada;07/08/2020
SUDESTE;MINAS GERAIS;SES;SUXAMETONIO, CLORETO 100 MG PO LIOF. INJETAVEL;-;3660,0;Entrega realizada;10/08/2020
CENTRO-OESTE;MATO GROSSO DO SUL;SES;SUXAMETONIO, CLORETO 100 MG PO LIOF. INJETAVEL;-;375,0;Entrega realizada;07/08/2020
CENTRO-OESTE;MATO GROSSO;SES;SUXAMETONIO, CLORETO 100 MG PO LIOF. INJETAVEL;-;2370,0;Entrega realizada;10/08/2020
NORTE;PARA;SES;SUXAMETONIO, CLORETO 100 MG PO LIOF. INJETAVEL;-;1845,0;Entrega realizada;07/08/2020
NORDESTE;PARAIBA;SES;SUXAMETONIO, CLORETO 100 MG PO LIOF. INJETAVEL;-;2940,0;Entrega realizada;07/08/2020
NORDESTE;PERNAMBUCO;SES;SUXAMETONIO, CLORETO 100 MG PO LIOF. INJETAVEL;-;1725,0;Entrega realizada;07/08/2020
NORDESTE;PIAUI;SES;SUXAMETONIO, CLORETO 100 MG PO LIOF. INJETAVEL;-;4890,0;Entrega realizada;07/08/2020
SUL;PARANA;SES;SUXAMETONIO, CLORETO 100 MG PO LIOF. INJETAVEL;-;3525,0;Entrega realizada;07/08/2020
SUDESTE;RIO DE JANEIRO;SES;SUXAMETONIO, CLORETO 100 MG PO LIOF. INJETAVEL;-;3060,0;Entrega realizada;07/08/2020
NORDESTE;RIO GRANDE DO NORTE;SES;SUXAMETONIO, CLORETO 100 MG PO LIOF. INJETAVEL;-;3000,0;Entrega realizada;07/08/2020
NORTE;RONDONIA;SES;SUXAMETONIO, CLORETO 100 MG PO LIOF. INJETAVEL;-;465,0;Entrega realizada;12/08/2020
NORTE;RORAIMA;SES;SUXAMETONIO, CLORETO 100 MG PO LIOF. INJETAVEL;-;1290,0;Entrega realizada;07/08/2020
SUL;RIO GRANDE DO SUL;SES;SUXAMETONIO, CLORETO 100 MG PO LIOF. INJETAVEL;-;3300,0;Entrega realizada;10/08/2020
SUL;SANTA CATARINA;SES;SUXAMETONIO, CLORETO 100 MG PO LIOF. INJETAVEL;-;3465,0;Entrega realizada;07/08/2020
NORDESTE;SERGIPE;SES;SUXAMETONIO, CLORETO 100 MG PO LIOF. INJETAVEL;-;2355,0;Entrega realizada;06/08/2020
SUDESTE;SAO PAULO;SES;SUXAMETONIO, CLORETO 100 MG PO LIOF. INJETAVEL;-;26805,0;Entrega realizada;06/08/2020
NORTE;TOCANTINS;SES;SUXAMETONIO, CLORETO 100 MG PO LIOF. INJETAVEL;-;780,0;Entrega realizada;07/08/2020
SUL;RIO GRANDE DO SUL;SES;PROPOFOL 10 MG/ML, EMULSAO INJETAVEL;FRASCO-AMPOLA 20 mL;20322,0;Entrega realizada;18/07/2020
SUL;RIO GRANDE DO SUL;SES;DEXMEDETOMIDINA, CLORIDRATO 100 MCG/ML ;AMPOLA 2 mL;4000,0;Entrega realizada;18/07/2020
SUL;SANTA CATARINA;SES;PROPOFOL 10 MG/ML, EMULSAO INJETAVEL;FRASCO-AMPOLA 20 mL;10000,0;Entrega realizada;18/07/2020
SUL;SANTA CATARINA;SES;DEXMEDETOMIDINA, CLORIDRATO 100 MCG/ML ;AMPOLA 2 mL;1840,0;Entrega realizada;18/07/2020
SUL;PARANA;SES;ATRACURIO, BESILATO 10MG/ML;AMPOLA 5 mL;1500,0;Entrega realizada;27/07/2020
SUL;PARANA;SES;ROCURONIO, BROMETO 10 MG/ML;AMPOLA 5 mL;2500,0;Entrega realizada;27/07/2020
SUL;PARANA;SES;MIDAZOLAM 5 MG/ML, SOLUCAO INJETAVEL;AMPOLA 5 mL;5000,0;Entrega realizada;27/07/2020
CENTRO-OESTE;MATO GROSSO DO SUL;SES;ATRACURIO, BESILATO 10MG/ML;AMPOLA 5 mL;1500,0;Entrega realizada;27/07/2020
CENTRO-OESTE;MATO GROSSO DO SUL;SES;ROCURONIO, BROMETO 10 MG/ML;AMPOLA 5 mL;2500,0;Entrega realizada;27/07/2020
CENTRO-OESTE;MATO GROSSO DO SUL;SES;MORFINA 10 MG/ML;AMPOLA 1 mL;10000,0;Entrega realizada;27/07/2020
CENTRO-OESTE;MATO GROSSO DO SUL;SES;MIDAZOLAM 5 MG/ML, SOLUCAO INJETAVEL;AMPOLA 5 mL;5000,0;Entrega realizada;27/07/2020
CENTRO-OESTE;MATO GROSSO DO SUL;SES;CETAMINA 50 MG/ML ;FRASCO-AMPOLA 10 mL;200,0;Entrega realizada;27/07/2020
SUL;SANTA CATARINA;SES;ROCURONIO, BROMETO 10 MG/ML;AMPOLA 5 mL;800,0;Entrega realizada;27/07/2020
SUL;SANTA CATARINA;SES;CETAMINA 50 MG/ML ;FRASCO-AMPOLA 10 mL;200,0;Entrega realizada;27/07/2020
NORTE;ACRE;SES;DEXMEDETOMIDINA, CLORIDRATO 100 MCG/ML ;AMPOLA 2 mL;150,0;Entrega realizada;15/08/2020
NORDESTE;ALAGOAS;SES;DEXMEDETOMIDINA, CLORIDRATO 100 MCG/ML ;AMPOLA 2 mL;1040,0;Entrega realizada;15/08/2020
NORTE;AMAPA;SES;DEXMEDETOMIDINA, CLORIDRATO 100 MCG/ML ;AMPOLA 2 mL;975,0;Entrega realizada;15/08/2020
NORTE;AMAZONAS;SES;DEXMEDETOMIDINA, CLORIDRATO 100 MCG/ML ;AMPOLA 2 mL;595,0;Entrega realizada;15/08/2020
NORDESTE;BAHIA;SES;DEXMEDETOMIDINA, CLORIDRATO 100 MCG/ML ;AMPOLA 2 mL;2835,0;Entrega realizada;14/08/2020
NORDESTE;CEARA;SES;DEXMEDETOMIDINA, CLORIDRATO 100 MCG/ML ;AMPOLA 2 mL;7180,0;Entrega realizada;14/08/2020
CENTRO-OESTE;DISTRITO FEDERAL;SES;DEXMEDETOMIDINA, CLORIDRATO 100 MCG/ML ;AMPOLA 2 mL;125,0;Entrega realizada;17/08/2020
SUDESTE;ESPIRITO SANTO;SES;DEXMEDETOMIDINA, CLORIDRATO 100 MCG/ML ;AMPOLA 2 mL;195,0;Entrega realizada;19/08/2020
CENTRO-OESTE;GOIAS;SES;DEXMEDETOMIDINA, CLORIDRATO 100 MCG/ML ;AMPOLA 2 mL;8435,0;Entrega realizada;17/08/2020
NORDESTE;MARANHAO;SES;DEXMEDETOMIDINA, CLORIDRATO 100 MCG/ML ;AMPOLA 2 mL;2350,0;Entrega realizada;19/08/2020
CENTRO-OESTE;MATO GROSSO;SES;DEXMEDETOMIDINA, CLORIDRATO 100 MCG/ML ;AMPOLA 2 mL;3005,0;Entrega realizada;18/08/2020
CENTRO-OESTE;MATO GROSSO DO SUL;SES;DEXMEDETOMIDINA, CLORIDRATO 100 MCG/ML ;AMPOLA 2 mL;7280,0;Entrega realizada;17/08/2020
SUDESTE;MINAS GERAIS;SES;DEXMEDETOMIDINA, CLORIDRATO 100 MCG/ML ;AMPOLA 2 mL;7240,0;Entrega realizada;18/08/2020
NORTE;PARA;SES;DEXMEDETOMIDINA, CLORIDRATO 100 MCG/ML ;AMPOLA 2 mL;3425,0;Entrega realizada;14/08/2020
NORDESTE;PARAIBA;SES;DEXMEDETOMIDINA, CLORIDRATO 100 MCG/ML ;AMPOLA 2 mL;115,0;Entrega realizada;15/08/2020
SUL;PARANA;SES;DEXMEDETOMIDINA, CLORIDRATO 100 MCG/ML ;AMPOLA 2 mL;6925,0;Entrega realizada;18/08/2020
NORDESTE;PERNAMBUCO;SES;DEXMEDETOMIDINA, CLORIDRATO 100 MCG/ML ;AMPOLA 2 mL;3195,0;Entrega realizada;15/08/2020
NORDESTE;PIAUI;SES;DEXMEDETOMIDINA, CLORIDRATO 100 MCG/ML ;AMPOLA 2 mL;1770,0;Entrega realizada;15/08/2020
SUDESTE;RIO DE JANEIRO;SES;DEXMEDETOMIDINA, CLORIDRATO 100 MCG/ML ;AMPOLA 2 mL;12850,0;Entrega realizada;17/08/2020
NORDESTE;RIO GRANDE DO NORTE;SES;DEXMEDETOMIDINA, CLORIDRATO 100 MCG/ML ;AMPOLA 2 mL;6235,0;Entrega realizada;15/08/2020
SUL;RIO GRANDE DO SUL;SES;DEXMEDETOMIDINA, CLORIDRATO 100 MCG/ML ;AMPOLA 2 mL;8905,0;Entrega realizada;15/08/2020
NORTE;RONDONIA;SES;DEXMEDETOMIDINA, CLORIDRATO 100 MCG/ML ;AMPOLA 2 mL;1510,0;Entrega realizada;17/08/2020
NORTE;RORAIMA;SES;DEXMEDETOMIDINA, CLORIDRATO 100 MCG/ML ;AMPOLA 2 mL;1410,0;Entrega realizada;15/08/2020
SUL;SANTA CATARINA;SES;DEXMEDETOMIDINA, CLORIDRATO 100 MCG/ML ;AMPOLA 2 mL;7000,0;Entrega realizada;17/08/2020
SUDESTE;SAO PAULO;SES;DEXMEDETOMIDINA, CLORIDRATO 100 MCG/ML ;AMPOLA 2 mL;27885,0;Entrega realizada;14/08/2020
NORDESTE;SERGIPE;SES;DEXMEDETOMIDINA, CLORIDRATO 100 MCG/ML ;AMPOLA 2 mL;2570,0;Entrega realizada;15/08/2020
NORTE;TOCANTINS;SES;DEXMEDETOMIDINA, CLORIDRATO 100 MCG/ML ;AMPOLA 2 mL;3245,0;Entrega realizada;19/08/2020
NORDESTE;ALAGOAS;SES;SUXAMETONIO, CLORETO 100 MG PO LIOF. INJETAVEL;-;645,0;Entrega realizada;15/08/2020
NORTE;AMAPA;SES;SUXAMETONIO, CLORETO 100 MG PO LIOF. INJETAVEL;-;1110,0;Entrega realizada;15/08/2020
NORTE;AMAZONAS;SES;SUXAMETONIO, CLORETO 100 MG PO LIOF. INJETAVEL;-;300,0;Entrega realizada;15/08/2020
NORDESTE;BAHIA;SES;SUXAMETONIO, CLORETO 100 MG PO LIOF. INJETAVEL;-;2460,0;Entrega realizada;14/08/2020
NORDESTE;CEARA;SES;SUXAMETONIO, CLORETO 100 MG PO LIOF. INJETAVEL;-;2205,0;Entrega realizada;14/08/2020
CENTRO-OESTE;DISTRITO FEDERAL;SES;SUXAMETONIO, CLORETO 100 MG PO LIOF. INJETAVEL;-;4035,0;Entrega realizada;17/08/2020
SUDESTE;ESPIRITO SANTO;SES;SUXAMETONIO, CLORETO 100 MG PO LIOF. INJETAVEL;-;240,0;Entrega realizada;19/08/2020
CENTRO-OESTE;GOIAS;SES;SUXAMETONIO, CLORETO 100 MG PO LIOF. INJETAVEL;-;3330,0;Entrega realizada;17/08/2020
NORDESTE;MARANHAO;SES;SUXAMETONIO, CLORETO 100 MG PO LIOF. INJETAVEL;-;1575,0;Entrega realizada;19/08/2020
CENTRO-OESTE;MATO GROSSO;SES;SUXAMETONIO, CLORETO 100 MG PO LIOF. INJETAVEL;-;2175,0;Entrega realizada;18/08/2020
CENTRO-OESTE;MATO GROSSO DO SUL;SES;SUXAMETONIO, CLORETO 100 MG PO LIOF. INJETAVEL;-;1275,0;Entrega realizada;17/08/2020
SUDESTE;MINAS GERAIS;SES;SUXAMETONIO, CLORETO 100 MG PO LIOF. INJETAVEL;-;3765,0;Entrega realizada;18/08/2020
NORTE;PARA;SES;SUXAMETONIO, CLORETO 100 MG PO LIOF. INJETAVEL;-;2550,0;Entrega realizada;14/08/2020
NORDESTE;PARAIBA;SES;SUXAMETONIO, CLORETO 100 MG PO LIOF. INJETAVEL;-;120,0;Entrega realizada;15/08/2020
SUL;PARANA;SES;SUXAMETONIO, CLORETO 100 MG PO LIOF. INJETAVEL;-;2490,0;Entrega realizada;18/08/2020
NORDESTE;PERNAMBUCO;SES;SUXAMETONIO, CLORETO 100 MG PO LIOF. INJETAVEL;-;1830,0;Entrega realizada;14/08/2020
NORDESTE;PIAUI;SES;SUXAMETONIO, CLORETO 100 MG PO LIOF. INJETAVEL;-;4875,0;Entrega realizada;15/08/2020
SUDESTE;RIO DE JANEIRO;SES;SUXAMETONIO, CLORETO 100 MG PO LIOF. INJETAVEL;-;3135,0;Entrega realizada;17/08/2020
NORDESTE;RIO GRANDE DO NORTE;SES;SUXAMETONIO, CLORETO 100 MG PO LIOF. INJETAVEL;-;3000,0;Entrega realizada;15/08/2020
SUL;RIO GRANDE DO SUL;SES;SUXAMETONIO, CLORETO 100 MG PO LIOF. INJETAVEL;-;3300,0;Entrega realizada;15/08/2020
NORTE;RONDONIA;SES;SUXAMETONIO, CLORETO 100 MG PO LIOF. INJETAVEL;-;480,0;Entrega realizada;17/08/2020
NORTE;RORAIMA;SES;SUXAMETONIO, CLORETO 100 MG PO LIOF. INJETAVEL;-;1395,0;Entrega realizada;15/08/2020
SUL;SANTA CATARINA;SES;SUXAMETONIO, CLORETO 100 MG PO LIOF. INJETAVEL;-;2085,0;Entrega realizada;17/08/2020
SUDESTE;SAO PAULO;SES;SUXAMETONIO, CLORETO 100 MG PO LIOF. INJETAVEL;-;16860,0;Entrega realizada;14/08/2020
NORDESTE;SERGIPE;SES;SUXAMETONIO, CLORETO 100 MG PO LIOF. INJETAVEL;-;2355,0;Entrega realizada;15/08/2020
NORTE;TOCANTINS;SES;SUXAMETONIO, CLORETO 100 MG PO LIOF. INJETAVEL;-;780,0;Entrega realizada;19/08/2020
NORTE;ACRE;SES;SUXAMETONIO, CLORETO 100 MG PO LIOF. INJETAVEL;-;105,0;Entrega realizada;15/08/2020
NORTE;ACRE;SES;ROCURONIO, BROMETO 10 MG/ML;AMPOLA 5 mL;288,0;Entrega realizada;15/08/2020
NORDESTE;ALAGOAS;SES;ROCURONIO, BROMETO 10 MG/ML;AMPOLA 5 mL;2130,0;Entrega realizada;15/08/2020
NORTE;AMAPA;SES;ROCURONIO, BROMETO 10 MG/ML;AMPOLA 5 mL;980,0;Entrega realizada;15/08/2020
NORTE;AMAZONAS;SES;ROCURONIO, BROMETO 10 MG/ML;AMPOLA 5 mL;180,0;Entrega realizada;15/08/2020
NORDESTE;BAHIA;SES;ROCURONIO, BROMETO 10 MG/ML;AMPOLA 5 mL;16240,0;Entrega realizada;14/08/2020
NORDESTE;CEARA;SES;ROCURONIO, BROMETO 10 MG/ML;AMPOLA 5 mL;3540,0;Entrega realizada;14/08/2020
CENTRO-OESTE;DISTRITO FEDERAL;SES;ROCURONIO, BROMETO 10 MG/ML;AMPOLA 5 mL;240,0;Entrega realizada;17/08/2020
SUDESTE;ESPIRITO SANTO;SES;ROCURONIO, BROMETO 10 MG/ML;AMPOLA 5 mL;260,0;Entrega realizada;19/08/2020
CENTRO-OESTE;GOIAS;SES;ROCURONIO, BROMETO 10 MG/ML;AMPOLA 5 mL;10930,0;Entrega realizada;17/08/2020
NORDESTE;MARANHAO;SES;ROCURONIO, BROMETO 10 MG/ML;AMPOLA 5 mL;1830,0;Entrega realizada;19/08/2020
CENTRO-OESTE;MATO GROSSO;SES;ROCURONIO, BROMETO 10 MG/ML;AMPOLA 5 mL;3890,0;Entrega realizada;18/08/2020
CENTRO-OESTE;MATO GROSSO DO SUL;SES;ROCURONIO, BROMETO 10 MG/ML;AMPOLA 5 mL;13830,0;Entrega realizada;17/08/2020
SUDESTE;MINAS GERAIS;SES;ROCURONIO, BROMETO 10 MG/ML;AMPOLA 5 mL;7020,0;Entrega realizada;18/08/2020
NORTE;PARA;SES;ROCURONIO, BROMETO 10 MG/ML;AMPOLA 5 mL;11950,0;Entrega realizada;14/08/2020
NORDESTE;PARAIBA;SES;ROCURONIO, BROMETO 10 MG/ML;AMPOLA 5 mL;130,0;Entrega realizada;15/08/2020
SUL;PARANA;SES;ROCURONIO, BROMETO 10 MG/ML;AMPOLA 5 mL;23820,0;Entrega realizada;18/08/2020
NORDESTE;PERNAMBUCO;SES;ROCURONIO, BROMETO 10 MG/ML;AMPOLA 5 mL;6910,0;Entrega realizada;14/08/2020
NORDESTE;PIAUI;SES;ROCURONIO, BROMETO 10 MG/ML;AMPOLA 5 mL;2650,0;Entrega realizada;15/08/2020
SUDESTE;RIO DE JANEIRO;SES;ROCURONIO, BROMETO 10 MG/ML;AMPOLA 5 mL;24430,0;Entrega realizada;17/08/2020
NORDESTE;RIO GRANDE DO NORTE;SES;ROCURONIO, BROMETO 10 MG/ML;AMPOLA 5 mL;10980,0;Entrega realizada;15/08/2020
SUL;RIO GRANDE DO SUL;SES;ROCURONIO, BROMETO 10 MG/ML;AMPOLA 5 mL;9640,0;Entrega realizada;18/08/2020
NORTE;RONDONIA;SES;ROCURONIO, BROMETO 10 MG/ML;AMPOLA 5 mL;990,0;Entrega realizada;15/08/2020
NORTE;RORAIMA;SES;ROCURONIO, BROMETO 10 MG/ML;AMPOLA 5 mL;1050,0;Entrega realizada;17/08/2020
SUL;SANTA CATARINA;SES;ROCURONIO, BROMETO 10 MG/ML;AMPOLA 5 mL;10080,0;Entrega realizada;17/08/2020
SUDESTE;SAO PAULO;SES;ROCURONIO, BROMETO 10 MG/ML;AMPOLA 5 mL;78460,0;Entrega realizada;14/08/2020
NORDESTE;SERGIPE;SES;ROCURONIO, BROMETO 10 MG/ML;AMPOLA 5 mL;3720,0;Entrega realizada;15/08/2020
NORTE;TOCANTINS;SES;ROCURONIO, BROMETO 10 MG/ML;AMPOLA 5 mL;4540,0;Entrega realizada;19/08/2020
CENTRO-OESTE;MATO GROSSO DO SUL;SES;ATRACURIO, BESILATO 10MG/ML;AMPOLA 2,5 mL;50,0;Entrega realizada;17/08/2020
NORTE;RORAIMA;SES;ATRACURIO, BESILATO 10MG/ML;AMPOLA 2,5 mL;50,0;Entrega realizada;17/08/2020
NORTE;ACRE;SES;MIDAZOLAM 5 MG/ML, SOLUCAO INJETAVEL;AMPOLA 10 mL;35,0;Entrega realizada;24/08/2020
NORTE;ACRE;SES;MIDAZOLAM, CLORIDRATO, 1 MG/ML, SOLUCAO INJETAVEL;AMPOLA 5 mL;370,0;Entrega realizada;24/08/2020
NORDESTE;ALAGOAS;SES;MIDAZOLAM, CLORIDRATO, 1 MG/ML, SOLUCAO INJETAVEL;AMPOLA 5 mL;1690,0;Entrega realizada;18/08/2020
NORTE;AMAZONAS;SES;MIDAZOLAM, CLORIDRATO, 1 MG/ML, SOLUCAO INJETAVEL;AMPOLA 5 mL;1570,0;Entrega realizada;17/08/2020
NORTE;AMAPA;SES;MIDAZOLAM, CLORIDRATO, 1 MG/ML, SOLUCAO INJETAVEL;AMPOLA 5 mL;8060,0;Entrega realizada;24/08/2020
NORDESTE;BAHIA;SES;MIDAZOLAM, CLORIDRATO, 1 MG/ML, SOLUCAO INJETAVEL;AMPOLA 5 mL;10480,0;Entrega realizada;19/08/2020
NORDESTE;CEARA;SES;MIDAZOLAM, CLORIDRATO, 1 MG/ML, SOLUCAO INJETAVEL;AMPOLA 5 mL;15670,0;Entrega realizada;17/08/2020
CENTRO-OESTE;GOIAS;SES;MIDAZOLAM, CLORIDRATO, 1 MG/ML, SOLUCAO INJETAVEL;AMPOLA 5 mL;14710,0;Entrega realizada;17/08/2020
NORDESTE;MARANHAO;SES;MIDAZOLAM, CLORIDRATO, 1 MG/ML, SOLUCAO INJETAVEL;AMPOLA 5 mL;1900,0;Entrega realizada;17/08/2020
SUDESTE;MINAS GERAIS;SES;MIDAZOLAM, CLORIDRATO, 1 MG/ML, SOLUCAO INJETAVEL;AMPOLA 5 mL;12090,0;Entrega realizada;19/08/2020
CENTRO-OESTE;MATO GROSSO DO SUL;SES;MIDAZOLAM, CLORIDRATO, 1 MG/ML, SOLUCAO INJETAVEL;AMPOLA 5 mL;2280,0;Entrega realizada;17/08/2020
CENTRO-OESTE;MATO GROSSO;SES;MIDAZOLAM, CLORIDRATO, 1 MG/ML, SOLUCAO INJETAVEL;AMPOLA 5 mL;1800,0;Entrega realizada;18/08/2020
NORTE;PARA;SES;MIDAZOLAM, CLORIDRATO, 1 MG/ML, SOLUCAO INJETAVEL;AMPOLA 5 mL;2560,0;Entrega realizada;19/08/2020
NORDESTE;PERNAMBUCO;SES;MIDAZOLAM, CLORIDRATO, 1 MG/ML, SOLUCAO INJETAVEL;AMPOLA 5 mL;4070,0;Entrega realizada;17/08/2020
NORDESTE;PIAUI;SES;MIDAZOLAM, CLORIDRATO, 1 MG/ML, SOLUCAO INJETAVEL;AMPOLA 5 mL;2450,0;Entrega realizada;17/08/2020
SUL;PARANA;SES;MIDAZOLAM, CLORIDRATO, 1 MG/ML, SOLUCAO INJETAVEL;AMPOLA 5 mL;8490,0;Entrega realizada;19/08/2020
SUDESTE;RIO DE JANEIRO;SES;MIDAZOLAM, CLORIDRATO, 1 MG/ML, SOLUCAO INJETAVEL;AMPOLA 5 mL;9020,0;Entrega realizada;17/08/2020
NORDESTE;RIO GRANDE DO NORTE;SES;MIDAZOLAM, CLORIDRATO, 1 MG/ML, SOLUCAO INJETAVEL;AMPOLA 5 mL;44730,0;Entrega realizada;19/08/2020
NORTE;RONDONIA;SES;MIDAZOLAM, CLORIDRATO, 1 MG/ML, SOLUCAO INJETAVEL;AMPOLA 5 mL;24040,0;Entrega realizada;21/08/2020
NORTE;RORAIMA;SES;MIDAZOLAM, CLORIDRATO, 1 MG/ML, SOLUCAO INJETAVEL;AMPOLA 5 mL;12660,0;Entrega realizada;20/08/2020
SUL;RIO GRANDE DO SUL;SES;MIDAZOLAM, CLORIDRATO, 1 MG/ML, SOLUCAO INJETAVEL;AMPOLA 5 mL;8650,0;Entrega realizada;18/08/2020
SUL;SANTA CATARINA;SES;MIDAZOLAM, CLORIDRATO, 1 MG/ML, SOLUCAO INJETAVEL;AMPOLA 5 mL;6360,0;Entrega realizada;17/08/2020
SUDESTE;SAO PAULO;SES;MIDAZOLAM, CLORIDRATO, 1 MG/ML, SOLUCAO INJETAVEL;AMPOLA 5 mL;37010,0;Entrega realizada;18/08/2020
NORTE;TOCANTINS;SES;MIDAZOLAM, CLORIDRATO, 1 MG/ML, SOLUCAO INJETAVEL;AMPOLA 5 mL;840,0;Entrega realizada;19/08/2020
NORTE;ACRE;SES;PROPOFOL 10 MG/ML, EMULSAO INJETAVEL;AMPOLA 20 mL;200,0;Entrega realizada;24/08/2020
NORDESTE;ALAGOAS;SES;PROPOFOL 10 MG/ML, EMULSAO INJETAVEL;AMPOLA 20 mL;9300,0;Entrega realizada;18/08/2020
NORTE;AMAZONAS;SES;PROPOFOL 10 MG/ML, EMULSAO INJETAVEL;AMPOLA 20 mL;600,0;Entrega realizada;17/08/2020
NORTE;AMAPA;SES;PROPOFOL 10 MG/ML, EMULSAO INJETAVEL;AMPOLA 20 mL;2000,0;Entrega realizada;24/08/2020
NORDESTE;BAHIA;SES;PROPOFOL 10 MG/ML, EMULSAO INJETAVEL;AMPOLA 20 mL;3000,0;Entrega realizada;19/08/2020
NORDESTE;CEARA;SES;PROPOFOL 10 MG/ML, EMULSAO INJETAVEL;AMPOLA 20 mL;2200,0;Entrega realizada;17/08/2020
CENTRO-OESTE;DISTRITO FEDERAL;SES;PROPOFOL 10 MG/ML, EMULSAO INJETAVEL;AMPOLA 20 mL;1300,0;Entrega realizada;17/08/2020
CENTRO-OESTE;GOIAS;SES;PROPOFOL 10 MG/ML, EMULSAO INJETAVEL;AMPOLA 20 mL;5735,0;Entrega realizada;17/08/2020
SUDESTE;MINAS GERAIS;SES;PROPOFOL 10 MG/ML, EMULSAO INJETAVEL;AMPOLA 20 mL;4400,0;Entrega realizada;19/08/2020
CENTRO-OESTE;MATO GROSSO DO SUL;SES;PROPOFOL 10 MG/ML, EMULSAO INJETAVEL;AMPOLA 20 mL;900,0;Entrega realizada;17/08/2020
CENTRO-OESTE;MATO GROSSO;SES;PROPOFOL 10 MG/ML, EMULSAO INJETAVEL;AMPOLA 20 mL;690,0;Entrega realizada;18/08/2020
NORTE;PARA;SES;PROPOFOL 10 MG/ML, EMULSAO INJETAVEL;AMPOLA 20 mL;950,0;Entrega realizada;19/08/2020
NORDESTE;PIAUI;SES;PROPOFOL 10 MG/ML, EMULSAO INJETAVEL;AMPOLA 20 mL;885,0;Entrega realizada;17/08/2020
SUL;PARANA;SES;PROPOFOL 10 MG/ML, EMULSAO INJETAVEL;AMPOLA 20 mL;3005,0;Entrega realizada;19/08/2020
SUDESTE;RIO DE JANEIRO;SES;PROPOFOL 10 MG/ML, EMULSAO INJETAVEL;AMPOLA 20 mL;18510,0;Entrega realizada;17/08/2020
SUL;SANTA CATARINA;SES;PROPOFOL 10 MG/ML, EMULSAO INJETAVEL;AMPOLA 20 mL;2270,0;Entrega realizada;17/08/2020
NORDESTE;SERGIPE;SES;PROPOFOL 10 MG/ML, EMULSAO INJETAVEL;AMPOLA 20 mL;400,0;Entrega realizada;18/08/2020
NORTE;RORAIMA;SES;PROPOFOL 10 MG/ML, EMULSAO INJETAVEL;AMPOLA 50 mL;46,0;Entrega realizada;20/08/2020
NORDESTE;RiO GRANDE DO NORTE;SES;PROPOFOL 10 MG/ML, EMULSAO INJETAVEL;AMPOLA 100 mL;704,0;Entrega realizada;19/08/2020
NORTE;RONDONIA;SES;PROPOFOL 10 MG/ML, EMULSAO INJETAVEL;AMPOLA 100 mL;2976,0;Entrega realizada;21/08/2020
SUDESTE;SAO PAULO;SES;PROPOFOL 10 MG/ML, EMULSAO INJETAVEL;AMPOLA 100 mL;2539,0;Entrega realizada;18/08/2020
NORDESTE;MARANHAO;SES;PROPOFOL 20 MG/ML, EMULSAO INJETAVEL;AMPOLA 50 mL;267,0;Entrega realizada;17/08/2020
NORTE;TOCANTINS;SES;PROPOFOL 20 MG/ML, EMULSAO INJETAVEL;AMPOLA 50 mL;120,0;Entrega realizada;19/08/2020
NORTE;RORAIMA;SES;SUXAMETONIO, CLORETO 100 MG PO LIOF. INJETAVEL;-;1395,0;Entrega realizada;09/09/2020
NORTE;TOCANTINS;SES;SUXAMETONIO, CLORETO 100 MG PO LIOF. INJETAVEL;-;795,0;Entrega realizada;04/09/2020
SUDESTE;RIO DE JANEIRO;SES;FENTANILA, CITRATO 0,05 MG/ML ;AMPOLA 2 mL;49970,0;Entrega realizada;04/09/2020
SUDESTE;RIO DE JANEIRO;SES;FENTANILA, CITRATO 0,05 MG/ML ;AMPOLA 5 mL;9980,0;Entrega realizada;04/09/2020
NORDESTE;PIAUI;SES;FENTANILA, CITRATO 0,05 MG/ML ;AMPOLA 10 mL;915,0;Entrega realizada;04/09/2020
NORTE;RONDONIA;SES;FENTANILA, CITRATO 0,05 MG/ML ;AMPOLA 10 mL;8480,0;Entrega realizada;04/09/2020
NORTE;RORAIMA;SES;FENTANILA, CITRATO 0,05 MG/ML ;AMPOLA 10 mL;3185,0;Entrega realizada;09/09/2020
NORTE;TOCANTINS;SES;FENTANILA, CITRATO 0,05 MG/ML ;AMPOLA 10 mL;2370,0;Entrega realizada;04/09/2020
